customer_id,email,first_name,last_name,country,city,created_at
1,lisa.harris1@example.com,Lisa,Harris,United Kingdom,Manchester,2024-05-28T13:06:10.611783
2,patricia.martin2@example.com,Patricia,Martin,United States,Chicago,2024-10-10T13:06:10.611783
3,nancy.wilson3@example.com,Nancy,Wilson,Canada,Vancouver,2024-01-28T13:06:10.611783
4,charles.harris4@example.com,Charles,Harris,Norway,Bergen,2024-02-11T13:06:10.611783
5,daniel.martinez5@example.com,Daniel,Martinez,Norway,Bodo,2024-02-20T13:06:10.611783
6,charles.johnson6@example.com,Charles,Johnson,Spain,Bilbao,2024-07-27T13:06:10.611783
7,nancy.lopez7@example.com,Nancy,Lopez,United Kingdom,Leeds,2024-11-16T13:06:10.611783
8,david.smith8@example.com,David,Smith,Norway,Stavanger,2024-08-27T13:06:10.611783
9,patricia.anderson9@example.com,Patricia,Anderson,Spain,Seville,2024-12-17T13:06:10.611783
10,robert.anderson10@example.com,Robert,Anderson,Germany,Cologne,2024-11-18T13:06:10.611783
11,william.lee11@example.com,William,Lee,Sweden,Vasteras,2025-01-20T13:06:10.611783
12,jessica.thomas12@example.com,Jessica,Thomas,Canada,Ottawa,2024-05-06T13:06:10.611783
13,david.davis13@example.com,David,Davis,Norway,Oslo,2024-05-11T13:06:10.611783
14,joseph.davis14@example.com,Joseph,Davis,Sweden,Uppsala,2024-10-07T13:06:10.611783
15,karen.white15@example.com,Karen,White,Canada,Montreal,2024-01-04T13:06:10.611783
16,jessica.hernandez16@example.com,Jessica,Hernandez,Germany,Frankfurt,2024-04-07T13:06:10.611783
17,barbara.rodriguez17@example.com,Barbara,Rodriguez,Spain,Valencia,2024-10-21T13:06:10.611783
18,daniel.rodriguez18@example.com,Daniel,Rodriguez,Japan,Tokyo,2024-09-10T13:06:10.611783
19,michael.williams19@example.com,Michael,Williams,France,Toulouse,2024-08-27T13:06:10.611783
20,sarah.davis20@example.com,Sarah,Davis,Netherlands,Utrecht,2024-11-15T13:06:10.611783
21,daniel.taylor21@example.com,Daniel,Taylor,Australia,Sydney,2024-02-06T13:06:10.611783
22,elizabeth.davis22@example.com,Elizabeth,Davis,Canada,Vancouver,2024-05-25T13:06:10.611783
23,nancy.martin23@example.com,Nancy,Martin,Spain,Seville,2024-09-29T13:06:10.611783
24,thomas.lopez24@example.com,Thomas,Lopez,Canada,Ottawa,2024-06-07T13:06:10.611783
25,barbara.harris25@example.com,Barbara,Harris,Australia,Brisbane,2024-05-25T13:06:10.611783
26,william.davis26@example.com,William,Davis,United Kingdom,Manchester,2024-05-30T13:06:10.611783
27,patricia.sanchez27@example.com,Patricia,Sanchez,Japan,Osaka,2024-03-28T13:06:10.611783
28,michael.sanchez28@example.com,Michael,Sanchez,Australia,Brisbane,2024-12-25T13:06:10.611783
29,charles.moore29@example.com,Charles,Moore,Brazil,Brasilia,2024-02-10T13:06:10.611783
30,michael.martinez30@example.com,Michael,Martinez,France,Marseille,2024-03-21T13:06:10.611783
31,elizabeth.smith31@example.com,Elizabeth,Smith,Netherlands,Eindhoven,2024-02-23T13:06:10.611783
32,william.johnson32@example.com,William,Johnson,United States,Phoenix,2024-05-18T13:06:10.611783
33,daniel.jones33@example.com,Daniel,Jones,Mexico,Puebla,2024-02-11T13:06:10.611783
34,james.martin34@example.com,James,Martin,Italy,Turin,2024-08-22T13:06:10.611783
35,joseph.hernandez35@example.com,Joseph,Hernandez,Germany,Berlin,2024-04-28T13:06:10.611783
36,jessica.brown36@example.com,Jessica,Brown,Norway,Oslo,2024-07-13T13:06:10.611783
37,jessica.williams37@example.com,Jessica,Williams,Brazil,Sao Paulo,2024-03-07T13:06:10.611783
38,robert.martin38@example.com,Robert,Martin,Italy,Rome,2024-04-26T13:06:10.611783
39,patricia.jackson39@example.com,Patricia,Jackson,Sweden,Uppsala,2024-10-26T13:06:10.611783
40,karen.lee40@example.com,Karen,Lee,France,Nice,2024-07-02T13:06:10.611783
41,joseph.thomas41@example.com,Joseph,Thomas,Italy,Palermo,2024-07-27T13:06:10.611783
42,elizabeth.martin42@example.com,Elizabeth,Martin,Brazil,Sao Paulo,2024-10-28T13:06:10.611783
43,lisa.brown43@example.com,Lisa,Brown,Sweden,Gothenburg,2024-11-05T13:06:10.611783
44,michael.rodriguez44@example.com,Michael,Rodriguez,Mexico,Mexico City,2024-03-10T13:06:10.611783
45,linda.garcia45@example.com,Linda,Garcia,Japan,Tokyo,2024-03-10T13:06:10.611783
46,james.anderson46@example.com,James,Anderson,Australia,Adelaide,2024-08-17T13:06:10.611783
47,elizabeth.johnson47@example.com,Elizabeth,Johnson,France,Marseille,2024-12-16T13:06:10.611783
48,elizabeth.harris48@example.com,Elizabeth,Harris,Norway,Stavanger,2024-01-26T13:06:10.611783
49,nancy.davis49@example.com,Nancy,Davis,Poland,Gdansk,2024-11-05T13:06:10.611783
50,charles.white50@example.com,Charles,White,Sweden,Gothenburg,2024-07-25T13:06:10.611783
51,patricia.jackson51@example.com,Patricia,Jackson,France,Lyon,2024-05-05T13:06:10.611783
52,robert.williams52@example.com,Robert,Williams,United States,Los Angeles,2024-05-26T13:06:10.611783
53,karen.sanchez53@example.com,Karen,Sanchez,Norway,Bodo,2024-05-16T13:06:10.611783
54,joseph.brown54@example.com,Joseph,Brown,Australia,Brisbane,2024-12-13T13:06:10.611783
55,richard.rodriguez55@example.com,Richard,Rodriguez,Japan,Sapporo,2024-08-29T13:06:10.611783
56,joseph.williams56@example.com,Joseph,Williams,Brazil,Sao Paulo,2024-07-29T13:06:10.611783
57,lisa.hernandez57@example.com,Lisa,Hernandez,Brazil,Brasilia,2024-01-03T13:06:10.611783
58,john.davis58@example.com,John,Davis,Mexico,Tijuana,2024-10-16T13:06:10.611783
59,james.white59@example.com,James,White,Norway,Trondheim,2024-10-11T13:06:10.611783
60,mary.garcia60@example.com,Mary,Garcia,Australia,Adelaide,2024-11-18T13:06:10.611783
61,joseph.rodriguez61@example.com,Joseph,Rodriguez,Germany,Cologne,2024-07-31T13:06:10.611783
62,christopher.taylor62@example.com,Christopher,Taylor,United Kingdom,Liverpool,2024-06-16T13:06:10.611783
63,susan.hernandez63@example.com,Susan,Hernandez,Spain,Madrid,2024-03-12T13:06:10.611783
64,david.anderson64@example.com,David,Anderson,Netherlands,Utrecht,2024-05-16T13:06:10.611783
65,nancy.wilson65@example.com,Nancy,Wilson,Norway,Bodo,2024-01-08T13:06:10.611783
66,joseph.williams66@example.com,Joseph,Williams,Spain,Valencia,2024-06-03T13:06:10.611783
67,patricia.wilson67@example.com,Patricia,Wilson,Norway,Bodo,2023-12-21T13:06:10.611783
68,nancy.jackson68@example.com,Nancy,Jackson,Australia,Perth,2024-01-17T13:06:10.611783
69,michael.moore69@example.com,Michael,Moore,Spain,Bilbao,2025-01-11T13:06:10.611783
70,jessica.thompson70@example.com,Jessica,Thompson,Australia,Sydney,2024-04-03T13:06:10.611783
71,william.jackson71@example.com,William,Jackson,Germany,Hamburg,2024-08-01T13:06:10.611783
72,daniel.taylor72@example.com,Daniel,Taylor,United Kingdom,London,2024-11-07T13:06:10.611783
73,karen.davis73@example.com,Karen,Davis,Netherlands,Rotterdam,2024-05-28T13:06:10.611783
74,sarah.smith74@example.com,Sarah,Smith,Japan,Nagoya,2024-02-06T13:06:10.611783
75,linda.brown75@example.com,Linda,Brown,Australia,Sydney,2024-11-16T13:06:10.611783
76,robert.taylor76@example.com,Robert,Taylor,Poland,Gdansk,2024-09-06T13:06:10.611783
77,daniel.rodriguez77@example.com,Daniel,Rodriguez,Canada,Calgary,2024-08-18T13:06:10.611783
78,linda.thomas78@example.com,Linda,Thomas,Japan,Osaka,2024-07-04T13:06:10.611783
79,michael.lee79@example.com,Michael,Lee,Japan,Osaka,2024-01-25T13:06:10.611783
80,william.anderson80@example.com,William,Anderson,Spain,Bilbao,2024-05-05T13:06:10.611783
81,james.martinez81@example.com,James,Martinez,Netherlands,The Hague,2024-10-16T13:06:10.611783
82,charles.white82@example.com,Charles,White,Australia,Melbourne,2024-08-05T13:06:10.611783
83,sarah.taylor83@example.com,Sarah,Taylor,Spain,Valencia,2024-09-28T13:06:10.611783
84,sarah.wilson84@example.com,Sarah,Wilson,Australia,Brisbane,2024-03-26T13:06:10.611783
85,daniel.davis85@example.com,Daniel,Davis,Brazil,Salvador,2024-04-18T13:06:10.611783
86,susan.johnson86@example.com,Susan,Johnson,Spain,Seville,2024-12-16T13:06:10.611783
87,richard.wilson87@example.com,Richard,Wilson,Mexico,Guadalajara,2024-08-30T13:06:10.611783
88,mary.jones88@example.com,Mary,Jones,Japan,Sapporo,2024-06-07T13:06:10.611783
89,patricia.thomas89@example.com,Patricia,Thomas,United Kingdom,Leeds,2024-08-10T13:06:10.611783
90,james.sanchez90@example.com,James,Sanchez,Germany,Frankfurt,2024-11-20T13:06:10.611783
91,robert.williams91@example.com,Robert,Williams,Australia,Brisbane,2024-06-11T13:06:10.611783
92,karen.harris92@example.com,Karen,Harris,Canada,Toronto,2024-06-06T13:06:10.611783
93,nancy.jackson93@example.com,Nancy,Jackson,Canada,Montreal,2024-11-05T13:06:10.611783
94,daniel.taylor94@example.com,Daniel,Taylor,Norway,Bodo,2024-01-08T13:06:10.611783
95,karen.williams95@example.com,Karen,Williams,France,Marseille,2024-04-15T13:06:10.611783
96,lisa.williams96@example.com,Lisa,Williams,Canada,Toronto,2025-01-13T13:06:10.611783
97,christopher.harris97@example.com,Christopher,Harris,Norway,Oslo,2024-08-04T13:06:10.611783
98,jennifer.harris98@example.com,Jennifer,Harris,Italy,Rome,2024-01-13T13:06:10.611783
99,david.johnson99@example.com,David,Johnson,Italy,Naples,2024-06-29T13:06:10.611783
100,susan.jones100@example.com,Susan,Jones,France,Nice,2024-07-18T13:06:10.611783
101,charles.white101@example.com,Charles,White,Sweden,Gothenburg,2024-03-17T13:06:10.611783
102,jennifer.williams102@example.com,Jennifer,Williams,Brazil,Salvador,2024-11-02T13:06:10.611783
103,nancy.davis103@example.com,Nancy,Davis,Australia,Adelaide,2024-03-03T13:06:10.611783
104,linda.thomas104@example.com,Linda,Thomas,Mexico,Monterrey,2024-08-12T13:06:10.611783
105,william.white105@example.com,William,White,United States,Houston,2024-05-16T13:06:10.611783
106,nancy.jackson106@example.com,Nancy,Jackson,Germany,Berlin,2024-08-03T13:06:10.611783
107,barbara.martin107@example.com,Barbara,Martin,Italy,Turin,2024-12-08T13:06:10.611783
108,william.thomas108@example.com,William,Thomas,Norway,Trondheim,2024-03-31T13:06:10.611783
109,richard.taylor109@example.com,Richard,Taylor,United Kingdom,Manchester,2024-07-03T13:06:10.611783
110,charles.lopez110@example.com,Charles,Lopez,Brazil,Brasilia,2024-12-13T13:06:10.611783
111,elizabeth.smith111@example.com,Elizabeth,Smith,Norway,Stavanger,2024-05-09T13:06:10.611783
112,james.martin112@example.com,James,Martin,Norway,Oslo,2024-10-26T13:06:10.611783
113,lisa.taylor113@example.com,Lisa,Taylor,Norway,Trondheim,2025-01-21T13:06:10.611783
114,linda.lee114@example.com,Linda,Lee,Sweden,Malmo,2024-04-11T13:06:10.611783
115,christopher.miller115@example.com,Christopher,Miller,Brazil,Brasilia,2024-12-02T13:06:10.611783
116,lisa.white116@example.com,Lisa,White,Mexico,Guadalajara,2024-11-06T13:06:10.611783
117,patricia.thompson117@example.com,Patricia,Thompson,Mexico,Mexico City,2024-05-27T13:06:10.611783
118,joseph.johnson118@example.com,Joseph,Johnson,Brazil,Brasilia,2024-12-29T13:06:10.611783
119,robert.williams119@example.com,Robert,Williams,Poland,Gdansk,2024-06-05T13:06:10.611783
120,lisa.anderson120@example.com,Lisa,Anderson,Germany,Munich,2024-02-26T13:06:10.611783
121,sarah.lopez121@example.com,Sarah,Lopez,Japan,Sapporo,2024-05-08T13:06:10.611783
122,jennifer.rodriguez122@example.com,Jennifer,Rodriguez,Poland,Wroclaw,2024-05-20T13:06:10.611783
123,lisa.hernandez123@example.com,Lisa,Hernandez,Sweden,Stockholm,2024-08-16T13:06:10.611783
124,john.jones124@example.com,John,Jones,Sweden,Gothenburg,2024-12-01T13:06:10.611783
125,lisa.white125@example.com,Lisa,White,Canada,Ottawa,2024-06-25T13:06:10.611783
126,john.wilson126@example.com,John,Wilson,United States,Chicago,2024-09-20T13:06:10.611783
127,patricia.thomas127@example.com,Patricia,Thomas,Spain,Valencia,2024-10-15T13:06:10.611783
128,richard.thompson128@example.com,Richard,Thompson,Spain,Madrid,2024-11-30T13:06:10.611783
129,linda.taylor129@example.com,Linda,Taylor,United States,Phoenix,2024-10-03T13:06:10.611783
130,david.lee130@example.com,David,Lee,France,Paris,2024-11-10T13:06:10.611783
131,joseph.harris131@example.com,Joseph,Harris,Italy,Turin,2024-02-18T13:06:10.611783
132,robert.johnson132@example.com,Robert,Johnson,United States,Chicago,2024-08-29T13:06:10.611783
133,patricia.brown133@example.com,Patricia,Brown,France,Nice,2024-02-28T13:06:10.611783
134,richard.thomas134@example.com,Richard,Thomas,Spain,Bilbao,2024-07-22T13:06:10.611783
135,charles.sanchez135@example.com,Charles,Sanchez,Netherlands,Rotterdam,2024-07-20T13:06:10.611783
136,christopher.brown136@example.com,Christopher,Brown,Norway,Stavanger,2024-10-31T13:06:10.611783
137,susan.rodriguez137@example.com,Susan,Rodriguez,United States,Chicago,2024-04-10T13:06:10.611783
138,joseph.thomas138@example.com,Joseph,Thomas,France,Marseille,2024-02-09T13:06:10.611783
139,nancy.lopez139@example.com,Nancy,Lopez,Japan,Yokohama,2024-01-21T13:06:10.611783
140,richard.rodriguez140@example.com,Richard,Rodriguez,France,Paris,2024-08-09T13:06:10.611783
141,john.white141@example.com,John,White,France,Nice,2023-12-31T13:06:10.611783
142,mary.hernandez142@example.com,Mary,Hernandez,France,Lyon,2024-10-05T13:06:10.611783
143,michael.williams143@example.com,Michael,Williams,Norway,Bodo,2024-04-05T13:06:10.611783
144,charles.miller144@example.com,Charles,Miller,Norway,Bergen,2024-06-06T13:06:10.611783
145,robert.lee145@example.com,Robert,Lee,United States,Chicago,2024-03-04T13:06:10.611783
146,robert.jackson146@example.com,Robert,Jackson,Italy,Milan,2024-02-15T13:06:10.611783
147,nancy.smith147@example.com,Nancy,Smith,Germany,Berlin,2024-06-21T13:06:10.611783
148,linda.martin148@example.com,Linda,Martin,Spain,Madrid,2024-03-19T13:06:10.611783
149,william.johnson149@example.com,William,Johnson,Germany,Frankfurt,2024-09-15T13:06:10.611783
150,patricia.sanchez150@example.com,Patricia,Sanchez,United Kingdom,Liverpool,2024-08-06T13:06:10.611783
151,barbara.moore151@example.com,Barbara,Moore,Brazil,Sao Paulo,2024-08-08T13:06:10.611783
152,thomas.davis152@example.com,Thomas,Davis,Brazil,Sao Paulo,2024-12-27T13:06:10.611783
153,nancy.moore153@example.com,Nancy,Moore,Italy,Turin,2024-11-14T13:06:10.611783
154,james.johnson154@example.com,James,Johnson,Australia,Perth,2024-07-26T13:06:10.611783
155,nancy.brown155@example.com,Nancy,Brown,Australia,Perth,2024-01-27T13:06:10.611783
156,john.hernandez156@example.com,John,Hernandez,Brazil,Rio de Janeiro,2024-01-23T13:06:10.611783
157,robert.rodriguez157@example.com,Robert,Rodriguez,Brazil,Fortaleza,2024-09-26T13:06:10.611783
158,daniel.hernandez158@example.com,Daniel,Hernandez,Canada,Ottawa,2024-09-17T13:06:10.611783
159,elizabeth.thomas159@example.com,Elizabeth,Thomas,Japan,Sapporo,2024-07-28T13:06:10.611783
160,patricia.harris160@example.com,Patricia,Harris,United Kingdom,Leeds,2024-12-24T13:06:10.611783
161,michael.anderson161@example.com,Michael,Anderson,Australia,Melbourne,2024-07-19T13:06:10.611783
162,david.thomas162@example.com,David,Thomas,Canada,Calgary,2024-12-28T13:06:10.611783
163,patricia.hernandez163@example.com,Patricia,Hernandez,Canada,Montreal,2024-11-25T13:06:10.611783
164,william.lopez164@example.com,William,Lopez,Germany,Frankfurt,2024-01-24T13:06:10.611783
165,john.williams165@example.com,John,Williams,United Kingdom,Liverpool,2024-02-08T13:06:10.611783
166,lisa.sanchez166@example.com,Lisa,Sanchez,Spain,Barcelona,2024-09-30T13:06:10.611783
167,mary.martin167@example.com,Mary,Martin,Japan,Sapporo,2024-06-06T13:06:10.611783
168,nancy.brown168@example.com,Nancy,Brown,Canada,Montreal,2024-11-25T13:06:10.611783
169,susan.sanchez169@example.com,Susan,Sanchez,United States,Chicago,2024-10-23T13:06:10.611783
170,elizabeth.lopez170@example.com,Elizabeth,Lopez,United Kingdom,Leeds,2024-09-05T13:06:10.611783
171,michael.jones171@example.com,Michael,Jones,Mexico,Puebla,2024-04-13T13:06:10.611783
172,patricia.lopez172@example.com,Patricia,Lopez,Norway,Bodo,2024-06-26T13:06:10.611783
173,patricia.rodriguez173@example.com,Patricia,Rodriguez,Brazil,Rio de Janeiro,2024-07-27T13:06:10.611783
174,sarah.lee174@example.com,Sarah,Lee,Brazil,Fortaleza,2024-01-03T13:06:10.611783
175,karen.white175@example.com,Karen,White,Norway,Trondheim,2024-01-04T13:06:10.611783
176,jennifer.rodriguez176@example.com,Jennifer,Rodriguez,Netherlands,The Hague,2024-06-11T13:06:10.611783
177,barbara.smith177@example.com,Barbara,Smith,Germany,Munich,2024-10-05T13:06:10.611783
178,nancy.wilson178@example.com,Nancy,Wilson,United Kingdom,Manchester,2025-01-03T13:06:10.611783
179,christopher.smith179@example.com,Christopher,Smith,United Kingdom,Leeds,2024-04-09T13:06:10.611783
180,richard.anderson180@example.com,Richard,Anderson,Australia,Brisbane,2024-03-10T13:06:10.611783
181,barbara.martinez181@example.com,Barbara,Martinez,Netherlands,The Hague,2025-01-21T13:06:10.611783
182,charles.lee182@example.com,Charles,Lee,United Kingdom,London,2024-03-09T13:06:10.611783
183,jennifer.lee183@example.com,Jennifer,Lee,United States,New York,2024-05-08T13:06:10.611783
184,joseph.white184@example.com,Joseph,White,Canada,Calgary,2024-10-26T13:06:10.611783
185,joseph.anderson185@example.com,Joseph,Anderson,Italy,Milan,2025-01-10T13:06:10.611783
186,thomas.brown186@example.com,Thomas,Brown,Spain,Seville,2024-02-15T13:06:10.611783
187,elizabeth.white187@example.com,Elizabeth,White,Mexico,Tijuana,2024-08-26T13:06:10.611783
188,thomas.white188@example.com,Thomas,White,Italy,Rome,2024-04-11T13:06:10.611783
189,richard.lee189@example.com,Richard,Lee,United States,New York,2024-04-03T13:06:10.611783
190,elizabeth.miller190@example.com,Elizabeth,Miller,Sweden,Gothenburg,2025-01-15T13:06:10.611783
191,william.martinez191@example.com,William,Martinez,Spain,Madrid,2023-12-24T13:06:10.611783
192,jessica.sanchez192@example.com,Jessica,Sanchez,Canada,Vancouver,2024-02-25T13:06:10.611783
193,richard.jackson193@example.com,Richard,Jackson,Netherlands,Rotterdam,2024-09-02T13:06:10.611783
194,sarah.white194@example.com,Sarah,White,Sweden,Malmo,2024-01-26T13:06:10.611783
195,richard.sanchez195@example.com,Richard,Sanchez,United States,Houston,2023-12-30T13:06:10.611783
196,joseph.williams196@example.com,Joseph,Williams,Norway,Trondheim,2024-10-10T13:06:10.611783
197,susan.martin197@example.com,Susan,Martin,Canada,Calgary,2024-05-17T13:06:10.611783
198,patricia.wilson198@example.com,Patricia,Wilson,United States,Chicago,2024-03-17T13:06:10.611783
199,karen.thomas199@example.com,Karen,Thomas,Norway,Trondheim,2024-02-04T13:06:10.611783
200,susan.brown200@example.com,Susan,Brown,France,Toulouse,2024-10-17T13:06:10.611783
201,richard.moore201@example.com,Richard,Moore,United Kingdom,Liverpool,2024-05-27T13:06:10.611783
202,lisa.hernandez202@example.com,Lisa,Hernandez,France,Marseille,2025-01-22T13:06:10.611783
203,jennifer.williams203@example.com,Jennifer,Williams,Japan,Tokyo,2024-09-17T13:06:10.611783
204,thomas.miller204@example.com,Thomas,Miller,Poland,Gdansk,2024-06-17T13:06:10.611783
205,lisa.thompson205@example.com,Lisa,Thompson,Norway,Bergen,2024-04-19T13:06:10.611783
206,patricia.jones206@example.com,Patricia,Jones,Italy,Milan,2024-03-18T13:06:10.611783
207,karen.jones207@example.com,Karen,Jones,Sweden,Stockholm,2024-03-20T13:06:10.611783
208,christopher.taylor208@example.com,Christopher,Taylor,Australia,Adelaide,2025-01-13T13:06:10.611783
209,charles.thomas209@example.com,Charles,Thomas,Mexico,Tijuana,2024-11-14T13:06:10.611783
210,christopher.lee210@example.com,Christopher,Lee,Spain,Valencia,2024-03-07T13:06:10.611783
211,joseph.williams211@example.com,Joseph,Williams,Australia,Perth,2024-11-08T13:06:10.611783
212,elizabeth.rodriguez212@example.com,Elizabeth,Rodriguez,Brazil,Sao Paulo,2024-06-18T13:06:10.611783
213,thomas.williams213@example.com,Thomas,Williams,Italy,Turin,2024-08-08T13:06:10.611783
214,mary.johnson214@example.com,Mary,Johnson,Spain,Valencia,2024-01-29T13:06:10.611783
215,christopher.williams215@example.com,Christopher,Williams,Brazil,Fortaleza,2024-09-05T13:06:10.611783
216,richard.thomas216@example.com,Richard,Thomas,Brazil,Fortaleza,2025-01-02T13:06:10.611783
217,mary.thomas217@example.com,Mary,Thomas,Poland,Poznan,2024-11-18T13:06:10.611783
218,michael.hernandez218@example.com,Michael,Hernandez,Brazil,Salvador,2024-09-02T13:06:10.611783
219,robert.johnson219@example.com,Robert,Johnson,Australia,Sydney,2024-06-13T13:06:10.611783
220,daniel.williams220@example.com,Daniel,Williams,Japan,Osaka,2024-01-10T13:06:10.611783
221,linda.harris221@example.com,Linda,Harris,Australia,Perth,2024-09-14T13:06:10.611783
222,thomas.lee222@example.com,Thomas,Lee,Germany,Hamburg,2024-06-28T13:06:10.611783
223,elizabeth.wilson223@example.com,Elizabeth,Wilson,Canada,Montreal,2024-12-02T13:06:10.611783
224,karen.johnson224@example.com,Karen,Johnson,Sweden,Malmo,2024-01-23T13:06:10.611783
225,david.brown225@example.com,David,Brown,Japan,Nagoya,2024-05-14T13:06:10.611783
226,william.sanchez226@example.com,William,Sanchez,Norway,Bodo,2024-03-06T13:06:10.611783
227,david.williams227@example.com,David,Williams,Brazil,Rio de Janeiro,2024-06-17T13:06:10.611783
228,elizabeth.thompson228@example.com,Elizabeth,Thompson,Netherlands,Utrecht,2024-02-25T13:06:10.611783
229,karen.harris229@example.com,Karen,Harris,United Kingdom,Birmingham,2024-10-02T13:06:10.611783
230,richard.thompson230@example.com,Richard,Thompson,Sweden,Malmo,2024-02-24T13:06:10.611783
231,nancy.harris231@example.com,Nancy,Harris,Norway,Bodo,2024-02-06T13:06:10.611783
232,christopher.white232@example.com,Christopher,White,Canada,Ottawa,2024-06-23T13:06:10.611783
233,james.lopez233@example.com,James,Lopez,Italy,Milan,2024-04-08T13:06:10.611783
234,david.taylor234@example.com,David,Taylor,France,Lyon,2024-02-29T13:06:10.611783
235,robert.williams235@example.com,Robert,Williams,Italy,Rome,2024-09-05T13:06:10.611783
236,sarah.sanchez236@example.com,Sarah,Sanchez,Poland,Poznan,2024-01-09T13:06:10.611783
237,nancy.hernandez237@example.com,Nancy,Hernandez,Poland,Poznan,2024-02-26T13:06:10.611783
238,karen.wilson238@example.com,Karen,Wilson,Germany,Munich,2024-03-22T13:06:10.611783
239,daniel.lee239@example.com,Daniel,Lee,Sweden,Gothenburg,2024-12-24T13:06:10.611783
240,joseph.johnson240@example.com,Joseph,Johnson,Canada,Montreal,2024-12-01T13:06:10.611783
241,lisa.davis241@example.com,Lisa,Davis,Australia,Adelaide,2024-05-14T13:06:10.611783
242,lisa.thomas242@example.com,Lisa,Thomas,France,Nice,2024-04-21T13:06:10.611783
243,elizabeth.taylor243@example.com,Elizabeth,Taylor,Poland,Krakow,2024-06-26T13:06:10.611783
244,nancy.martin244@example.com,Nancy,Martin,Australia,Perth,2025-01-17T13:06:10.611783
245,elizabeth.wilson245@example.com,Elizabeth,Wilson,Japan,Sapporo,2024-07-22T13:06:10.611783
246,jennifer.miller246@example.com,Jennifer,Miller,Sweden,Vasteras,2024-02-29T13:06:10.611783
247,william.johnson247@example.com,William,Johnson,Mexico,Puebla,2024-06-28T13:06:10.611783
248,sarah.brown248@example.com,Sarah,Brown,Netherlands,Eindhoven,2024-02-22T13:06:10.611783
249,elizabeth.williams249@example.com,Elizabeth,Williams,Sweden,Gothenburg,2024-05-08T13:06:10.611783
250,joseph.moore250@example.com,Joseph,Moore,Germany,Frankfurt,2024-02-05T13:06:10.611783
251,linda.thomas251@example.com,Linda,Thomas,Poland,Gdansk,2024-01-03T13:06:10.611783
252,susan.johnson252@example.com,Susan,Johnson,Canada,Ottawa,2024-06-29T13:06:10.611783
253,linda.wilson253@example.com,Linda,Wilson,United Kingdom,Birmingham,2024-04-13T13:06:10.611783
254,james.hernandez254@example.com,James,Hernandez,Poland,Warsaw,2024-12-20T13:06:10.611783
255,christopher.hernandez255@example.com,Christopher,Hernandez,Sweden,Gothenburg,2024-02-29T13:06:10.611783
256,mary.martinez256@example.com,Mary,Martinez,Poland,Wroclaw,2024-12-11T13:06:10.611783
257,robert.harris257@example.com,Robert,Harris,Australia,Perth,2024-10-31T13:06:10.611783
258,james.williams258@example.com,James,Williams,United States,Chicago,2024-04-09T13:06:10.611783
259,robert.jackson259@example.com,Robert,Jackson,Netherlands,Eindhoven,2024-09-16T13:06:10.611783
260,susan.brown260@example.com,Susan,Brown,Sweden,Malmo,2024-04-20T13:06:10.611783
261,elizabeth.brown261@example.com,Elizabeth,Brown,United States,Los Angeles,2024-07-22T13:06:10.611783
262,christopher.lee262@example.com,Christopher,Lee,Australia,Sydney,2024-02-15T13:06:10.611783
263,jessica.lee263@example.com,Jessica,Lee,Japan,Tokyo,2024-11-08T13:06:10.611783
264,thomas.martin264@example.com,Thomas,Martin,France,Lyon,2024-05-18T13:06:10.611783
265,susan.smith265@example.com,Susan,Smith,Brazil,Brasilia,2024-04-22T13:06:10.611783
266,charles.anderson266@example.com,Charles,Anderson,Germany,Berlin,2024-09-14T13:06:10.611783
267,barbara.williams267@example.com,Barbara,Williams,Japan,Sapporo,2024-09-05T13:06:10.611783
268,thomas.jackson268@example.com,Thomas,Jackson,United States,Houston,2024-08-17T13:06:10.611783
269,mary.thompson269@example.com,Mary,Thompson,Canada,Montreal,2024-04-28T13:06:10.611783
270,lisa.smith270@example.com,Lisa,Smith,Spain,Madrid,2024-06-14T13:06:10.611783
271,linda.sanchez271@example.com,Linda,Sanchez,Mexico,Mexico City,2025-01-19T13:06:10.611783
272,charles.sanchez272@example.com,Charles,Sanchez,Sweden,Malmo,2024-02-27T13:06:10.611783
273,mary.lopez273@example.com,Mary,Lopez,Japan,Yokohama,2024-11-14T13:06:10.611783
274,jennifer.white274@example.com,Jennifer,White,Australia,Perth,2024-11-08T13:06:10.611783
275,jennifer.jones275@example.com,Jennifer,Jones,United Kingdom,Liverpool,2024-01-08T13:06:10.611783
276,elizabeth.miller276@example.com,Elizabeth,Miller,United States,Los Angeles,2024-01-11T13:06:10.611783
277,david.martinez277@example.com,David,Martinez,Japan,Nagoya,2024-09-24T13:06:10.611783
278,jessica.rodriguez278@example.com,Jessica,Rodriguez,United States,Los Angeles,2024-05-15T13:06:10.611783
279,barbara.johnson279@example.com,Barbara,Johnson,Norway,Trondheim,2024-05-08T13:06:10.611783
280,patricia.lopez280@example.com,Patricia,Lopez,Canada,Calgary,2025-01-04T13:06:10.611783
281,joseph.wilson281@example.com,Joseph,Wilson,Spain,Barcelona,2024-08-31T13:06:10.611783
282,daniel.taylor282@example.com,Daniel,Taylor,Spain,Bilbao,2024-05-05T13:06:10.611783
283,john.sanchez283@example.com,John,Sanchez,Canada,Toronto,2024-07-28T13:06:10.611783
284,karen.garcia284@example.com,Karen,Garcia,Japan,Yokohama,2024-06-02T13:06:10.611783
285,patricia.williams285@example.com,Patricia,Williams,Spain,Valencia,2024-05-25T13:06:10.611783
286,joseph.lee286@example.com,Joseph,Lee,Netherlands,Utrecht,2024-03-15T13:06:10.611783
287,daniel.thomas287@example.com,Daniel,Thomas,Spain,Seville,2024-01-11T13:06:10.611783
288,lisa.lopez288@example.com,Lisa,Lopez,Brazil,Salvador,2024-05-09T13:06:10.611783
289,christopher.johnson289@example.com,Christopher,Johnson,United Kingdom,Liverpool,2024-06-24T13:06:10.611783
290,thomas.sanchez290@example.com,Thomas,Sanchez,Mexico,Guadalajara,2024-01-05T13:06:10.611783
291,robert.lee291@example.com,Robert,Lee,Mexico,Puebla,2024-01-07T13:06:10.611783
292,robert.williams292@example.com,Robert,Williams,France,Marseille,2024-06-23T13:06:10.611783
293,richard.martin293@example.com,Richard,Martin,United States,Phoenix,2024-03-08T13:06:10.611783
294,nancy.thomas294@example.com,Nancy,Thomas,Spain,Valencia,2024-08-04T13:06:10.611783
295,john.martin295@example.com,John,Martin,Germany,Cologne,2024-06-25T13:06:10.611783
296,richard.hernandez296@example.com,Richard,Hernandez,Mexico,Monterrey,2024-04-26T13:06:10.611783
297,patricia.smith297@example.com,Patricia,Smith,Netherlands,Rotterdam,2024-09-01T13:06:10.611783
298,thomas.wilson298@example.com,Thomas,Wilson,Poland,Poznan,2024-02-19T13:06:10.611783
299,william.rodriguez299@example.com,William,Rodriguez,Netherlands,Utrecht,2024-04-08T13:06:10.611783
300,karen.martinez300@example.com,Karen,Martinez,Netherlands,Utrecht,2024-04-01T13:06:10.611783
301,patricia.jones301@example.com,Patricia,Jones,Norway,Oslo,2024-08-08T13:06:10.611783
302,jennifer.harris302@example.com,Jennifer,Harris,Australia,Sydney,2024-12-04T13:06:10.611783
303,david.white303@example.com,David,White,Spain,Madrid,2024-09-27T13:06:10.611783
304,sarah.martinez304@example.com,Sarah,Martinez,Poland,Gdansk,2024-03-10T13:06:10.611783
305,daniel.harris305@example.com,Daniel,Harris,Poland,Krakow,2024-06-23T13:06:10.611783
306,thomas.davis306@example.com,Thomas,Davis,United Kingdom,Manchester,2024-03-01T13:06:10.611783
307,linda.taylor307@example.com,Linda,Taylor,United States,Chicago,2024-09-29T13:06:10.611783
308,charles.lopez308@example.com,Charles,Lopez,Australia,Adelaide,2024-02-25T13:06:10.611783
309,karen.williams309@example.com,Karen,Williams,United Kingdom,Birmingham,2024-07-11T13:06:10.611783
310,daniel.sanchez310@example.com,Daniel,Sanchez,Australia,Adelaide,2024-07-18T13:06:10.611783
311,susan.martin311@example.com,Susan,Martin,United Kingdom,Manchester,2024-05-31T13:06:10.611783
312,christopher.williams312@example.com,Christopher,Williams,Australia,Perth,2024-12-03T13:06:10.611783
313,thomas.lopez313@example.com,Thomas,Lopez,Germany,Cologne,2024-11-12T13:06:10.611783
314,charles.garcia314@example.com,Charles,Garcia,Sweden,Gothenburg,2024-07-29T13:06:10.611783
315,thomas.johnson315@example.com,Thomas,Johnson,Norway,Oslo,2024-09-11T13:06:10.611783
316,robert.martinez316@example.com,Robert,Martinez,Germany,Munich,2024-06-03T13:06:10.611783
317,daniel.davis317@example.com,Daniel,Davis,Spain,Bilbao,2024-05-14T13:06:10.611783
318,john.rodriguez318@example.com,John,Rodriguez,France,Nice,2024-05-09T13:06:10.611783
319,robert.thompson319@example.com,Robert,Thompson,Italy,Palermo,2024-09-19T13:06:10.611783
320,john.moore320@example.com,John,Moore,Mexico,Guadalajara,2024-10-19T13:06:10.611783
321,charles.jones321@example.com,Charles,Jones,Germany,Cologne,2024-12-23T13:06:10.611783
322,karen.hernandez322@example.com,Karen,Hernandez,Norway,Bodo,2024-01-11T13:06:10.611783
323,james.williams323@example.com,James,Williams,United States,Phoenix,2024-05-04T13:06:10.611783
324,christopher.miller324@example.com,Christopher,Miller,Sweden,Vasteras,2024-07-21T13:06:10.611783
325,karen.thompson325@example.com,Karen,Thompson,United States,Houston,2024-11-06T13:06:10.611783
326,sarah.martinez326@example.com,Sarah,Martinez,Mexico,Monterrey,2024-08-24T13:06:10.611783
327,linda.white327@example.com,Linda,White,Canada,Montreal,2024-08-09T13:06:10.611783
328,john.harris328@example.com,John,Harris,United States,Los Angeles,2024-08-02T13:06:10.611783
329,susan.taylor329@example.com,Susan,Taylor,Australia,Melbourne,2024-06-12T13:06:10.611783
330,karen.jones330@example.com,Karen,Jones,Spain,Valencia,2024-12-30T13:06:10.611783
331,barbara.wilson331@example.com,Barbara,Wilson,Germany,Hamburg,2024-09-09T13:06:10.611783
332,sarah.brown332@example.com,Sarah,Brown,Spain,Barcelona,2024-08-15T13:06:10.611783
333,patricia.rodriguez333@example.com,Patricia,Rodriguez,Australia,Melbourne,2024-03-02T13:06:10.611783
334,patricia.johnson334@example.com,Patricia,Johnson,Italy,Turin,2024-10-31T13:06:10.611783
335,susan.davis335@example.com,Susan,Davis,Norway,Bergen,2024-06-05T13:06:10.611783
336,charles.sanchez336@example.com,Charles,Sanchez,Spain,Barcelona,2025-01-14T13:06:10.611783
337,jennifer.taylor337@example.com,Jennifer,Taylor,Japan,Nagoya,2024-09-01T13:06:10.611783
338,elizabeth.taylor338@example.com,Elizabeth,Taylor,United States,New York,2024-07-09T13:06:10.611783
339,thomas.thomas339@example.com,Thomas,Thomas,France,Lyon,2024-10-14T13:06:10.611783
340,barbara.johnson340@example.com,Barbara,Johnson,United States,Chicago,2024-08-30T13:06:10.611783
341,karen.thompson341@example.com,Karen,Thompson,Mexico,Puebla,2024-05-15T13:06:10.611783
342,sarah.smith342@example.com,Sarah,Smith,Norway,Oslo,2024-07-28T13:06:10.611783
343,robert.rodriguez343@example.com,Robert,Rodriguez,Netherlands,The Hague,2025-01-15T13:06:10.611783
344,richard.lopez344@example.com,Richard,Lopez,United States,Houston,2024-01-16T13:06:10.611783
345,charles.jackson345@example.com,Charles,Jackson,France,Marseille,2024-09-29T13:06:10.611783
346,elizabeth.williams346@example.com,Elizabeth,Williams,Canada,Ottawa,2024-08-07T13:06:10.611783
347,sarah.rodriguez347@example.com,Sarah,Rodriguez,Norway,Bodo,2024-12-03T13:06:10.611783
348,karen.brown348@example.com,Karen,Brown,Germany,Berlin,2024-07-09T13:06:10.611783
349,barbara.hernandez349@example.com,Barbara,Hernandez,Japan,Yokohama,2025-01-10T13:06:10.611783
350,robert.miller350@example.com,Robert,Miller,Brazil,Fortaleza,2024-07-13T13:06:10.611783
351,thomas.johnson351@example.com,Thomas,Johnson,United States,New York,2024-02-29T13:06:10.611783
352,daniel.hernandez352@example.com,Daniel,Hernandez,Sweden,Uppsala,2024-09-11T13:06:10.611783
353,joseph.jones353@example.com,Joseph,Jones,Brazil,Fortaleza,2024-03-01T13:06:10.611783
354,david.lee354@example.com,David,Lee,Spain,Barcelona,2024-07-09T13:06:10.611783
355,karen.sanchez355@example.com,Karen,Sanchez,Norway,Trondheim,2024-10-19T13:06:10.611783
356,david.moore356@example.com,David,Moore,Norway,Bodo,2024-09-18T13:06:10.611783
357,jessica.harris357@example.com,Jessica,Harris,Brazil,Brasilia,2024-08-20T13:06:10.611783
358,james.lopez358@example.com,James,Lopez,Spain,Madrid,2024-07-21T13:06:10.611783
359,charles.martinez359@example.com,Charles,Martinez,Sweden,Stockholm,2024-10-21T13:06:10.611783
360,jessica.rodriguez360@example.com,Jessica,Rodriguez,Mexico,Tijuana,2024-10-11T13:06:10.611783
361,linda.sanchez361@example.com,Linda,Sanchez,United States,Phoenix,2024-08-22T13:06:10.611783
362,jennifer.moore362@example.com,Jennifer,Moore,Mexico,Tijuana,2025-01-20T13:06:10.611783
363,richard.jones363@example.com,Richard,Jones,Norway,Bergen,2024-01-06T13:06:10.611783
364,charles.harris364@example.com,Charles,Harris,United Kingdom,Manchester,2023-12-30T13:06:10.611783
365,joseph.hernandez365@example.com,Joseph,Hernandez,Canada,Vancouver,2024-07-19T13:06:10.611783
366,daniel.miller366@example.com,Daniel,Miller,Canada,Ottawa,2025-01-20T13:06:10.611783
367,karen.taylor367@example.com,Karen,Taylor,Norway,Oslo,2024-12-16T13:06:10.611783
368,robert.moore368@example.com,Robert,Moore,France,Nice,2024-06-04T13:06:10.611783
369,nancy.taylor369@example.com,Nancy,Taylor,Japan,Nagoya,2024-05-29T13:06:10.611783
370,jennifer.thomas370@example.com,Jennifer,Thomas,Poland,Poznan,2024-06-13T13:06:10.611783
371,sarah.lopez371@example.com,Sarah,Lopez,Mexico,Monterrey,2024-10-28T13:06:10.611783
372,jessica.miller372@example.com,Jessica,Miller,France,Marseille,2024-10-01T13:06:10.611783
373,elizabeth.davis373@example.com,Elizabeth,Davis,Italy,Naples,2024-12-15T13:06:10.611783
374,michael.harris374@example.com,Michael,Harris,Netherlands,Utrecht,2024-05-31T13:06:10.611783
375,jessica.lopez375@example.com,Jessica,Lopez,Japan,Yokohama,2024-05-16T13:06:10.611783
376,patricia.martin376@example.com,Patricia,Martin,Mexico,Tijuana,2024-07-02T13:06:10.611783
377,richard.lopez377@example.com,Richard,Lopez,Sweden,Gothenburg,2024-05-17T13:06:10.611783
378,mary.martinez378@example.com,Mary,Martinez,Netherlands,Amsterdam,2024-06-15T13:06:10.611783
379,joseph.thompson379@example.com,Joseph,Thompson,Italy,Turin,2024-04-08T13:06:10.611783
380,michael.jackson380@example.com,Michael,Jackson,Italy,Palermo,2024-12-11T13:06:10.611783
381,william.jones381@example.com,William,Jones,United Kingdom,Leeds,2025-01-03T13:06:10.611783
382,charles.davis382@example.com,Charles,Davis,France,Paris,2024-11-27T13:06:10.611783
383,thomas.davis383@example.com,Thomas,Davis,Mexico,Guadalajara,2024-01-16T13:06:10.611783
384,patricia.anderson384@example.com,Patricia,Anderson,Spain,Seville,2024-02-10T13:06:10.611783
385,nancy.jones385@example.com,Nancy,Jones,United States,Phoenix,2024-03-10T13:06:10.611783
386,susan.thompson386@example.com,Susan,Thompson,Poland,Wroclaw,2024-08-21T13:06:10.611783
387,christopher.miller387@example.com,Christopher,Miller,Sweden,Malmo,2024-06-02T13:06:10.611783
388,elizabeth.thompson388@example.com,Elizabeth,Thompson,United States,New York,2024-11-18T13:06:10.611783
389,charles.davis389@example.com,Charles,Davis,Japan,Tokyo,2024-03-19T13:06:10.611783
390,susan.garcia390@example.com,Susan,Garcia,Poland,Warsaw,2024-07-11T13:06:10.611783
391,jessica.garcia391@example.com,Jessica,Garcia,Poland,Gdansk,2024-01-09T13:06:10.611783
392,james.martinez392@example.com,James,Martinez,Brazil,Fortaleza,2024-02-13T13:06:10.611783
393,david.martinez393@example.com,David,Martinez,Australia,Adelaide,2024-09-14T13:06:10.611783
394,jessica.jones394@example.com,Jessica,Jones,Norway,Bodo,2024-08-16T13:06:10.611783
395,william.miller395@example.com,William,Miller,Sweden,Stockholm,2024-06-07T13:06:10.611783
396,jennifer.sanchez396@example.com,Jennifer,Sanchez,Australia,Brisbane,2024-12-22T13:06:10.611783
397,jennifer.smith397@example.com,Jennifer,Smith,Netherlands,The Hague,2024-05-20T13:06:10.611783
398,charles.white398@example.com,Charles,White,Sweden,Gothenburg,2024-03-19T13:06:10.611783
399,karen.thompson399@example.com,Karen,Thompson,Poland,Wroclaw,2024-07-26T13:06:10.611783
400,thomas.hernandez400@example.com,Thomas,Hernandez,United Kingdom,Liverpool,2024-11-27T13:06:10.611783
401,patricia.garcia401@example.com,Patricia,Garcia,Germany,Frankfurt,2024-06-03T13:06:10.611783
402,linda.smith402@example.com,Linda,Smith,Italy,Turin,2024-04-19T13:06:10.611783
403,joseph.rodriguez403@example.com,Joseph,Rodriguez,Spain,Valencia,2024-10-14T13:06:10.611783
404,lisa.martin404@example.com,Lisa,Martin,United States,Chicago,2024-11-19T13:06:10.611783
405,barbara.harris405@example.com,Barbara,Harris,France,Paris,2024-11-26T13:06:10.611783
406,patricia.thomas406@example.com,Patricia,Thomas,Italy,Milan,2024-07-15T13:06:10.611783
407,nancy.moore407@example.com,Nancy,Moore,Poland,Gdansk,2024-12-08T13:06:10.611783
408,patricia.thompson408@example.com,Patricia,Thompson,Poland,Gdansk,2024-06-26T13:06:10.611783
409,karen.davis409@example.com,Karen,Davis,France,Lyon,2024-08-21T13:06:10.611783
410,robert.thomas410@example.com,Robert,Thomas,Netherlands,Eindhoven,2024-06-29T13:06:10.611783
411,susan.harris411@example.com,Susan,Harris,Japan,Nagoya,2025-01-11T13:06:10.611783
412,sarah.white412@example.com,Sarah,White,Norway,Bergen,2025-01-14T13:06:10.611783
413,linda.white413@example.com,Linda,White,Sweden,Vasteras,2024-01-31T13:06:10.611783
414,thomas.thomas414@example.com,Thomas,Thomas,Japan,Yokohama,2024-01-29T13:06:10.611783
415,charles.brown415@example.com,Charles,Brown,United States,Phoenix,2024-09-04T13:06:10.611783
416,michael.martin416@example.com,Michael,Martin,Japan,Osaka,2024-03-14T13:06:10.611783
417,david.moore417@example.com,David,Moore,Australia,Sydney,2024-12-03T13:06:10.611783
418,michael.harris418@example.com,Michael,Harris,Brazil,Salvador,2024-02-05T13:06:10.611783
419,thomas.thomas419@example.com,Thomas,Thomas,Sweden,Stockholm,2024-08-09T13:06:10.611783
420,robert.moore420@example.com,Robert,Moore,Canada,Calgary,2024-10-04T13:06:10.611783
421,mary.jackson421@example.com,Mary,Jackson,Australia,Brisbane,2024-12-25T13:06:10.611783
422,james.wilson422@example.com,James,Wilson,Italy,Rome,2025-01-05T13:06:10.611783
423,michael.martin423@example.com,Michael,Martin,United Kingdom,London,2024-07-24T13:06:10.611783
424,barbara.harris424@example.com,Barbara,Harris,United Kingdom,Leeds,2024-01-20T13:06:10.611783
425,john.taylor425@example.com,John,Taylor,United States,Chicago,2024-07-17T13:06:10.611783
426,jennifer.jones426@example.com,Jennifer,Jones,Sweden,Uppsala,2024-06-29T13:06:10.611783
427,richard.thomas427@example.com,Richard,Thomas,Norway,Stavanger,2024-06-30T13:06:10.611783
428,john.white428@example.com,John,White,Mexico,Tijuana,2024-02-27T13:06:10.611783
429,christopher.lopez429@example.com,Christopher,Lopez,United Kingdom,Manchester,2024-09-21T13:06:10.611783
430,richard.moore430@example.com,Richard,Moore,Germany,Munich,2023-12-22T13:06:10.611783
431,james.martinez431@example.com,James,Martinez,Australia,Adelaide,2024-07-25T13:06:10.611783
432,sarah.wilson432@example.com,Sarah,Wilson,Norway,Bergen,2024-04-25T13:06:10.611783
433,joseph.lopez433@example.com,Joseph,Lopez,Germany,Hamburg,2024-03-26T13:06:10.611783
434,lisa.brown434@example.com,Lisa,Brown,United States,Houston,2024-10-30T13:06:10.611783
435,james.davis435@example.com,James,Davis,France,Paris,2024-02-10T13:06:10.611783
436,karen.johnson436@example.com,Karen,Johnson,Australia,Adelaide,2024-11-29T13:06:10.611783
437,daniel.johnson437@example.com,Daniel,Johnson,France,Paris,2024-07-13T13:06:10.611783
438,joseph.davis438@example.com,Joseph,Davis,Japan,Osaka,2025-01-10T13:06:10.611783
439,mary.jones439@example.com,Mary,Jones,Japan,Yokohama,2024-04-18T13:06:10.611783
440,lisa.martin440@example.com,Lisa,Martin,Spain,Bilbao,2024-10-22T13:06:10.611783
441,nancy.hernandez441@example.com,Nancy,Hernandez,France,Marseille,2024-03-03T13:06:10.611783
442,nancy.moore442@example.com,Nancy,Moore,France,Toulouse,2024-05-22T13:06:10.611783
443,william.johnson443@example.com,William,Johnson,Japan,Sapporo,2024-12-31T13:06:10.611783
444,jennifer.thompson444@example.com,Jennifer,Thompson,Mexico,Puebla,2024-09-30T13:06:10.611783
445,jessica.johnson445@example.com,Jessica,Johnson,Spain,Seville,2024-09-14T13:06:10.611783
446,david.harris446@example.com,David,Harris,Canada,Calgary,2024-03-06T13:06:10.611783
447,elizabeth.wilson447@example.com,Elizabeth,Wilson,Germany,Cologne,2024-08-19T13:06:10.611783
448,linda.davis448@example.com,Linda,Davis,Italy,Milan,2024-08-14T13:06:10.611783
449,mary.jackson449@example.com,Mary,Jackson,Canada,Calgary,2024-10-01T13:06:10.611783
450,thomas.jones450@example.com,Thomas,Jones,Canada,Vancouver,2024-04-29T13:06:10.611783
451,michael.hernandez451@example.com,Michael,Hernandez,Mexico,Mexico City,2024-08-07T13:06:10.611783
452,barbara.williams452@example.com,Barbara,Williams,Japan,Osaka,2024-01-16T13:06:10.611783
453,william.wilson453@example.com,William,Wilson,Mexico,Tijuana,2024-10-24T13:06:10.611783
454,mary.williams454@example.com,Mary,Williams,France,Nice,2024-12-25T13:06:10.611783
455,nancy.jackson455@example.com,Nancy,Jackson,France,Toulouse,2024-04-05T13:06:10.611783
456,david.martinez456@example.com,David,Martinez,Poland,Warsaw,2024-04-07T13:06:10.611783
457,michael.sanchez457@example.com,Michael,Sanchez,United Kingdom,Liverpool,2024-04-23T13:06:10.611783
458,daniel.lee458@example.com,Daniel,Lee,Netherlands,Rotterdam,2024-07-11T13:06:10.611783
459,linda.jackson459@example.com,Linda,Jackson,Spain,Valencia,2024-07-02T13:06:10.611783
460,joseph.jackson460@example.com,Joseph,Jackson,Mexico,Monterrey,2024-05-26T13:06:10.611783
461,william.lopez461@example.com,William,Lopez,Japan,Nagoya,2024-08-15T13:06:10.611783
462,patricia.sanchez462@example.com,Patricia,Sanchez,Australia,Brisbane,2024-04-03T13:06:10.611783
463,barbara.hernandez463@example.com,Barbara,Hernandez,Canada,Toronto,2024-10-04T13:06:10.611783
464,linda.sanchez464@example.com,Linda,Sanchez,Germany,Berlin,2024-05-02T13:06:10.611783
465,sarah.martin465@example.com,Sarah,Martin,Brazil,Salvador,2024-05-20T13:06:10.611783
466,robert.miller466@example.com,Robert,Miller,Spain,Barcelona,2024-07-02T13:06:10.611783
467,charles.davis467@example.com,Charles,Davis,Australia,Adelaide,2024-11-20T13:06:10.611783
468,nancy.hernandez468@example.com,Nancy,Hernandez,Italy,Turin,2024-12-25T13:06:10.611783
469,christopher.sanchez469@example.com,Christopher,Sanchez,Australia,Perth,2024-03-16T13:06:10.611783
470,lisa.lopez470@example.com,Lisa,Lopez,Germany,Munich,2024-12-23T13:06:10.611783
471,sarah.taylor471@example.com,Sarah,Taylor,Germany,Cologne,2024-11-13T13:06:10.611783
472,mary.moore472@example.com,Mary,Moore,United States,New York,2024-11-27T13:06:10.611783
473,mary.smith473@example.com,Mary,Smith,Canada,Vancouver,2024-11-07T13:06:10.611783
474,linda.williams474@example.com,Linda,Williams,Netherlands,Rotterdam,2023-12-25T13:06:10.611783
475,michael.moore475@example.com,Michael,Moore,Australia,Brisbane,2024-01-20T13:06:10.611783
476,karen.thompson476@example.com,Karen,Thompson,Mexico,Tijuana,2024-08-24T13:06:10.611783
477,nancy.taylor477@example.com,Nancy,Taylor,United States,New York,2024-09-18T13:06:10.611783
478,sarah.anderson478@example.com,Sarah,Anderson,United States,New York,2024-09-17T13:06:10.611783
479,lisa.rodriguez479@example.com,Lisa,Rodriguez,Japan,Yokohama,2023-12-29T13:06:10.611783
480,thomas.harris480@example.com,Thomas,Harris,Mexico,Puebla,2024-03-21T13:06:10.611783
481,patricia.brown481@example.com,Patricia,Brown,Japan,Osaka,2024-04-22T13:06:10.611783
482,michael.lee482@example.com,Michael,Lee,Japan,Yokohama,2024-06-19T13:06:10.611783
483,william.wilson483@example.com,William,Wilson,United Kingdom,Birmingham,2024-07-15T13:06:10.611783
484,joseph.martin484@example.com,Joseph,Martin,France,Lyon,2024-05-22T13:06:10.611783
485,nancy.williams485@example.com,Nancy,Williams,Mexico,Mexico City,2024-02-06T13:06:10.611783
486,richard.wilson486@example.com,Richard,Wilson,Canada,Ottawa,2024-08-20T13:06:10.611783
487,mary.thompson487@example.com,Mary,Thompson,United States,Los Angeles,2024-02-01T13:06:10.611783
488,jessica.anderson488@example.com,Jessica,Anderson,Mexico,Monterrey,2024-10-05T13:06:10.611783
489,patricia.moore489@example.com,Patricia,Moore,Poland,Warsaw,2024-04-16T13:06:10.611783
490,michael.harris490@example.com,Michael,Harris,Poland,Poznan,2024-08-20T13:06:10.611783
491,william.johnson491@example.com,William,Johnson,Poland,Warsaw,2024-12-05T13:06:10.611783
492,william.jackson492@example.com,William,Jackson,Brazil,Sao Paulo,2024-03-21T13:06:10.611783
493,david.smith493@example.com,David,Smith,France,Nice,2024-03-03T13:06:10.611783
494,daniel.wilson494@example.com,Daniel,Wilson,Poland,Warsaw,2024-05-22T13:06:10.611783
495,jennifer.martin495@example.com,Jennifer,Martin,France,Nice,2024-07-07T13:06:10.611783
496,nancy.jackson496@example.com,Nancy,Jackson,Spain,Seville,2025-01-10T13:06:10.611783
497,lisa.jones497@example.com,Lisa,Jones,Sweden,Stockholm,2024-09-02T13:06:10.611783
498,lisa.lopez498@example.com,Lisa,Lopez,United States,New York,2024-07-31T13:06:10.611783
499,linda.williams499@example.com,Linda,Williams,Spain,Bilbao,2025-01-17T13:06:10.611783
500,karen.lee500@example.com,Karen,Lee,Canada,Montreal,2024-01-05T13:06:10.611783
501,christopher.rodriguez501@example.com,Christopher,Rodriguez,Sweden,Uppsala,2024-08-28T13:06:10.611783
502,linda.lopez502@example.com,Linda,Lopez,Japan,Nagoya,2024-07-29T13:06:10.611783
503,jennifer.white503@example.com,Jennifer,White,Brazil,Salvador,2024-02-02T13:06:10.611783
504,karen.martinez504@example.com,Karen,Martinez,Sweden,Gothenburg,2024-12-20T13:06:10.611783
505,john.williams505@example.com,John,Williams,Italy,Milan,2024-07-02T13:06:10.611783
506,daniel.thompson506@example.com,Daniel,Thompson,Germany,Frankfurt,2024-05-31T13:06:10.611783
507,barbara.brown507@example.com,Barbara,Brown,United Kingdom,London,2024-05-26T13:06:10.611783
508,joseph.lopez508@example.com,Joseph,Lopez,Sweden,Malmo,2024-02-11T13:06:10.611783
509,robert.williams509@example.com,Robert,Williams,Germany,Frankfurt,2024-08-06T13:06:10.611783
510,sarah.jackson510@example.com,Sarah,Jackson,Japan,Nagoya,2024-02-11T13:06:10.611783
511,james.williams511@example.com,James,Williams,Spain,Bilbao,2024-02-06T13:06:10.611783
512,karen.lee512@example.com,Karen,Lee,Sweden,Malmo,2024-07-05T13:06:10.611783
513,james.martinez513@example.com,James,Martinez,Canada,Calgary,2025-01-22T13:06:10.611783
514,john.sanchez514@example.com,John,Sanchez,Poland,Poznan,2024-04-23T13:06:10.611783
515,charles.moore515@example.com,Charles,Moore,Germany,Frankfurt,2024-03-16T13:06:10.611783
516,robert.rodriguez516@example.com,Robert,Rodriguez,Italy,Naples,2024-08-29T13:06:10.611783
517,robert.williams517@example.com,Robert,Williams,Germany,Frankfurt,2024-05-10T13:06:10.611783
518,susan.martinez518@example.com,Susan,Martinez,Australia,Sydney,2024-06-22T13:06:10.611783
519,william.davis519@example.com,William,Davis,Netherlands,Utrecht,2024-10-20T13:06:10.611783
520,karen.miller520@example.com,Karen,Miller,Australia,Sydney,2024-02-28T13:06:10.611783
521,elizabeth.smith521@example.com,Elizabeth,Smith,Canada,Montreal,2024-11-02T13:06:10.611783
522,richard.hernandez522@example.com,Richard,Hernandez,Australia,Brisbane,2024-07-28T13:06:10.611783
523,christopher.lee523@example.com,Christopher,Lee,Germany,Hamburg,2024-06-02T13:06:10.611783
524,karen.harris524@example.com,Karen,Harris,France,Toulouse,2024-05-29T13:06:10.611783
525,jennifer.wilson525@example.com,Jennifer,Wilson,Spain,Valencia,2024-12-31T13:06:10.611783
526,daniel.thompson526@example.com,Daniel,Thompson,Australia,Adelaide,2025-01-24T13:06:10.611783
527,linda.hernandez527@example.com,Linda,Hernandez,Canada,Montreal,2024-07-09T13:06:10.611783
528,barbara.brown528@example.com,Barbara,Brown,Poland,Poznan,2024-04-01T13:06:10.611783
529,charles.jackson529@example.com,Charles,Jackson,Germany,Cologne,2024-01-03T13:06:10.611783
530,lisa.thomas530@example.com,Lisa,Thomas,Netherlands,Rotterdam,2024-08-01T13:06:10.611783
531,elizabeth.harris531@example.com,Elizabeth,Harris,United Kingdom,Liverpool,2024-11-29T13:06:10.611783
532,jessica.jones532@example.com,Jessica,Jones,Mexico,Monterrey,2024-04-22T13:06:10.611783
533,william.white533@example.com,William,White,Germany,Frankfurt,2024-07-01T13:06:10.611783
534,john.thomas534@example.com,John,Thomas,Brazil,Salvador,2024-10-14T13:06:10.611783
535,richard.jackson535@example.com,Richard,Jackson,Japan,Nagoya,2024-09-24T13:06:10.611783
536,mary.lopez536@example.com,Mary,Lopez,Netherlands,Eindhoven,2024-10-20T13:06:10.611783
537,christopher.williams537@example.com,Christopher,Williams,United Kingdom,Manchester,2024-11-21T13:06:10.611783
538,nancy.lopez538@example.com,Nancy,Lopez,Germany,Cologne,2024-01-12T13:06:10.611783
539,charles.thompson539@example.com,Charles,Thompson,Mexico,Puebla,2025-01-09T13:06:10.611783
540,david.anderson540@example.com,David,Anderson,United Kingdom,London,2024-02-09T13:06:10.611783
541,william.davis541@example.com,William,Davis,Japan,Sapporo,2024-10-01T13:06:10.611783
542,charles.harris542@example.com,Charles,Harris,Brazil,Rio de Janeiro,2024-08-05T13:06:10.611783
543,barbara.wilson543@example.com,Barbara,Wilson,Australia,Adelaide,2024-12-08T13:06:10.611783
544,thomas.jones544@example.com,Thomas,Jones,Spain,Madrid,2024-08-24T13:06:10.611783
545,patricia.martinez545@example.com,Patricia,Martinez,Canada,Toronto,2024-02-18T13:06:10.611783
546,lisa.jones546@example.com,Lisa,Jones,Spain,Valencia,2024-06-13T13:06:10.611783
547,joseph.miller547@example.com,Joseph,Miller,Japan,Nagoya,2024-06-16T13:06:10.611783
548,jessica.brown548@example.com,Jessica,Brown,Australia,Perth,2024-06-01T13:06:10.611783
549,john.martinez549@example.com,John,Martinez,United States,New York,2024-01-01T13:06:10.611783
550,david.thompson550@example.com,David,Thompson,United Kingdom,Manchester,2025-01-03T13:06:10.611783
551,linda.moore551@example.com,Linda,Moore,Germany,Cologne,2024-03-11T13:06:10.611783
552,david.jackson552@example.com,David,Jackson,Canada,Calgary,2024-04-17T13:06:10.611783
553,richard.thompson553@example.com,Richard,Thompson,Germany,Munich,2024-11-12T13:06:10.611783
554,nancy.anderson554@example.com,Nancy,Anderson,Canada,Toronto,2025-01-01T13:06:10.611783
555,karen.miller555@example.com,Karen,Miller,Australia,Adelaide,2024-07-27T13:06:10.611783
556,richard.smith556@example.com,Richard,Smith,Netherlands,Rotterdam,2024-04-04T13:06:10.611783
557,william.harris557@example.com,William,Harris,Sweden,Stockholm,2024-10-11T13:06:10.611783
558,patricia.jackson558@example.com,Patricia,Jackson,Germany,Hamburg,2024-06-04T13:06:10.611783
559,michael.thomas559@example.com,Michael,Thomas,United Kingdom,Birmingham,2024-11-28T13:06:10.611783
560,jessica.moore560@example.com,Jessica,Moore,Mexico,Monterrey,2024-10-21T13:06:10.611783
561,richard.lee561@example.com,Richard,Lee,Canada,Ottawa,2024-02-17T13:06:10.611783
562,barbara.lopez562@example.com,Barbara,Lopez,Norway,Stavanger,2024-11-01T13:06:10.611783
563,jennifer.white563@example.com,Jennifer,White,Netherlands,The Hague,2024-10-30T13:06:10.611783
564,charles.williams564@example.com,Charles,Williams,Mexico,Guadalajara,2024-05-29T13:06:10.611783
565,patricia.davis565@example.com,Patricia,Davis,Italy,Rome,2024-03-23T13:06:10.611783
566,barbara.harris566@example.com,Barbara,Harris,Germany,Cologne,2024-07-06T13:06:10.611783
567,susan.lee567@example.com,Susan,Lee,Germany,Cologne,2024-07-04T13:06:10.611783
568,susan.garcia568@example.com,Susan,Garcia,Australia,Adelaide,2024-12-10T13:06:10.611783
569,christopher.garcia569@example.com,Christopher,Garcia,Japan,Osaka,2024-08-27T13:06:10.611783
570,elizabeth.jones570@example.com,Elizabeth,Jones,Germany,Hamburg,2024-08-07T13:06:10.611783
571,karen.johnson571@example.com,Karen,Johnson,Norway,Trondheim,2023-12-25T13:06:10.611783
572,jessica.jones572@example.com,Jessica,Jones,France,Toulouse,2024-10-03T13:06:10.611783
573,thomas.thompson573@example.com,Thomas,Thompson,Australia,Perth,2024-12-05T13:06:10.611783
574,jessica.anderson574@example.com,Jessica,Anderson,Netherlands,Utrecht,2024-08-27T13:06:10.611783
575,jennifer.williams575@example.com,Jennifer,Williams,Brazil,Sao Paulo,2025-01-13T13:06:10.611783
576,linda.martinez576@example.com,Linda,Martinez,United States,Chicago,2024-04-14T13:06:10.611783
577,sarah.martinez577@example.com,Sarah,Martinez,Germany,Frankfurt,2024-10-05T13:06:10.611783
578,lisa.taylor578@example.com,Lisa,Taylor,Japan,Sapporo,2024-02-16T13:06:10.611783
579,charles.brown579@example.com,Charles,Brown,Italy,Palermo,2024-06-25T13:06:10.611783
580,sarah.johnson580@example.com,Sarah,Johnson,Sweden,Uppsala,2024-09-25T13:06:10.611783
581,michael.anderson581@example.com,Michael,Anderson,United Kingdom,Manchester,2024-05-21T13:06:10.611783
582,mary.thomas582@example.com,Mary,Thomas,Italy,Naples,2024-02-03T13:06:10.611783
583,joseph.brown583@example.com,Joseph,Brown,Sweden,Gothenburg,2024-04-06T13:06:10.611783
584,lisa.martin584@example.com,Lisa,Martin,Netherlands,The Hague,2024-12-18T13:06:10.611783
585,karen.thompson585@example.com,Karen,Thompson,Canada,Vancouver,2024-10-31T13:06:10.611783
586,robert.miller586@example.com,Robert,Miller,Norway,Bergen,2024-01-20T13:06:10.611783
587,charles.lopez587@example.com,Charles,Lopez,Japan,Yokohama,2024-10-21T13:06:10.611783
588,sarah.garcia588@example.com,Sarah,Garcia,Spain,Valencia,2024-05-17T13:06:10.611783
589,charles.rodriguez589@example.com,Charles,Rodriguez,Norway,Bodo,2024-12-02T13:06:10.611783
590,patricia.jones590@example.com,Patricia,Jones,Sweden,Uppsala,2024-01-20T13:06:10.611783
591,william.thompson591@example.com,William,Thompson,Germany,Munich,2024-04-26T13:06:10.611783
592,robert.harris592@example.com,Robert,Harris,Spain,Barcelona,2025-01-13T13:06:10.611783
593,nancy.wilson593@example.com,Nancy,Wilson,Australia,Melbourne,2024-10-11T13:06:10.611783
594,christopher.rodriguez594@example.com,Christopher,Rodriguez,Mexico,Puebla,2024-06-30T13:06:10.611783
595,joseph.williams595@example.com,Joseph,Williams,Mexico,Mexico City,2024-07-14T13:06:10.611783
596,thomas.sanchez596@example.com,Thomas,Sanchez,Italy,Naples,2024-08-09T13:06:10.611783
597,jessica.hernandez597@example.com,Jessica,Hernandez,Brazil,Sao Paulo,2025-01-20T13:06:10.611783
598,lisa.williams598@example.com,Lisa,Williams,Netherlands,Utrecht,2024-11-10T13:06:10.611783
599,nancy.harris599@example.com,Nancy,Harris,Spain,Madrid,2024-09-19T13:06:10.611783
600,richard.miller600@example.com,Richard,Miller,Canada,Vancouver,2024-08-30T13:06:10.611783
601,william.hernandez601@example.com,William,Hernandez,Norway,Trondheim,2024-06-10T13:06:10.611783
602,sarah.martin602@example.com,Sarah,Martin,Germany,Cologne,2024-08-25T13:06:10.611783
603,david.white603@example.com,David,White,Sweden,Stockholm,2024-01-13T13:06:10.611783
604,patricia.thompson604@example.com,Patricia,Thompson,Sweden,Uppsala,2023-12-29T13:06:10.611783
605,patricia.garcia605@example.com,Patricia,Garcia,Australia,Perth,2023-12-21T13:06:10.611783
606,susan.miller606@example.com,Susan,Miller,Netherlands,Rotterdam,2024-11-17T13:06:10.611783
607,elizabeth.garcia607@example.com,Elizabeth,Garcia,Norway,Trondheim,2024-02-06T13:06:10.611783
608,christopher.lopez608@example.com,Christopher,Lopez,Italy,Rome,2024-06-28T13:06:10.611783
609,nancy.thompson609@example.com,Nancy,Thompson,Germany,Berlin,2024-07-10T13:06:10.611783
610,christopher.martinez610@example.com,Christopher,Martinez,Netherlands,Rotterdam,2024-07-27T13:06:10.611783
611,christopher.williams611@example.com,Christopher,Williams,Netherlands,Amsterdam,2023-12-21T13:06:10.611783
612,michael.taylor612@example.com,Michael,Taylor,United Kingdom,Manchester,2024-10-19T13:06:10.611783
613,linda.moore613@example.com,Linda,Moore,Mexico,Puebla,2023-12-25T13:06:10.611783
614,james.harris614@example.com,James,Harris,Spain,Madrid,2024-07-24T13:06:10.611783
615,daniel.jones615@example.com,Daniel,Jones,Australia,Sydney,2024-04-16T13:06:10.611783
616,richard.williams616@example.com,Richard,Williams,Netherlands,Amsterdam,2024-02-11T13:06:10.611783
617,david.lopez617@example.com,David,Lopez,Poland,Gdansk,2024-02-29T13:06:10.611783
618,richard.jones618@example.com,Richard,Jones,Mexico,Guadalajara,2024-01-25T13:06:10.611783
619,thomas.martin619@example.com,Thomas,Martin,United States,Phoenix,2024-11-17T13:06:10.611783
620,jennifer.thomas620@example.com,Jennifer,Thomas,Spain,Barcelona,2024-11-06T13:06:10.611783
621,lisa.jones621@example.com,Lisa,Jones,Poland,Wroclaw,2024-10-31T13:06:10.611783
622,nancy.thomas622@example.com,Nancy,Thomas,Norway,Bergen,2024-02-03T13:06:10.611783
623,patricia.jones623@example.com,Patricia,Jones,Sweden,Stockholm,2024-10-17T13:06:10.611783
624,lisa.wilson624@example.com,Lisa,Wilson,Spain,Seville,2024-05-30T13:06:10.611783
625,robert.davis625@example.com,Robert,Davis,Italy,Rome,2024-04-26T13:06:10.611783
626,sarah.lee626@example.com,Sarah,Lee,Brazil,Fortaleza,2024-05-14T13:06:10.611783
627,daniel.smith627@example.com,Daniel,Smith,Norway,Trondheim,2024-04-04T13:06:10.611783
628,thomas.lee628@example.com,Thomas,Lee,Japan,Osaka,2025-01-06T13:06:10.611783
629,richard.martinez629@example.com,Richard,Martinez,Mexico,Mexico City,2024-04-21T13:06:10.611783
630,jessica.wilson630@example.com,Jessica,Wilson,United Kingdom,Manchester,2024-09-01T13:06:10.611783
631,christopher.lee631@example.com,Christopher,Lee,United Kingdom,Leeds,2023-12-27T13:06:10.611783
632,barbara.hernandez632@example.com,Barbara,Hernandez,Germany,Frankfurt,2024-10-07T13:06:10.611783
633,susan.lopez633@example.com,Susan,Lopez,Japan,Osaka,2025-01-14T13:06:10.611783
634,jessica.williams634@example.com,Jessica,Williams,United States,Phoenix,2024-01-24T13:06:10.611783
635,james.rodriguez635@example.com,James,Rodriguez,France,Paris,2024-01-20T13:06:10.611783
636,richard.moore636@example.com,Richard,Moore,Italy,Palermo,2025-01-16T13:06:10.611783
637,susan.anderson637@example.com,Susan,Anderson,Netherlands,Utrecht,2024-02-01T13:06:10.611783
638,christopher.jackson638@example.com,Christopher,Jackson,Japan,Sapporo,2024-03-08T13:06:10.611783
639,william.williams639@example.com,William,Williams,Italy,Rome,2024-09-07T13:06:10.611783
640,michael.jones640@example.com,Michael,Jones,Japan,Yokohama,2024-07-08T13:06:10.611783
641,charles.thompson641@example.com,Charles,Thompson,Sweden,Stockholm,2024-05-27T13:06:10.611783
642,daniel.anderson642@example.com,Daniel,Anderson,Netherlands,Rotterdam,2024-01-19T13:06:10.611783
643,linda.williams643@example.com,Linda,Williams,Poland,Wroclaw,2024-02-18T13:06:10.611783
644,joseph.lee644@example.com,Joseph,Lee,Brazil,Sao Paulo,2024-05-27T13:06:10.611783
645,nancy.sanchez645@example.com,Nancy,Sanchez,Mexico,Guadalajara,2024-02-20T13:06:10.611783
646,james.harris646@example.com,James,Harris,Germany,Berlin,2024-03-13T13:06:10.611783
647,jessica.lopez647@example.com,Jessica,Lopez,Japan,Sapporo,2025-01-24T13:06:10.611783
648,lisa.rodriguez648@example.com,Lisa,Rodriguez,Germany,Hamburg,2024-02-23T13:06:10.611783
649,lisa.rodriguez649@example.com,Lisa,Rodriguez,Netherlands,Amsterdam,2025-01-18T13:06:10.611783
650,james.hernandez650@example.com,James,Hernandez,Sweden,Uppsala,2024-05-08T13:06:10.611783
651,thomas.williams651@example.com,Thomas,Williams,Italy,Palermo,2024-11-06T13:06:10.611783
652,john.taylor652@example.com,John,Taylor,Australia,Adelaide,2024-06-22T13:06:10.611783
653,mary.taylor653@example.com,Mary,Taylor,Norway,Bodo,2024-03-15T13:06:10.611783
654,barbara.garcia654@example.com,Barbara,Garcia,Italy,Rome,2024-10-09T13:06:10.611783
655,nancy.sanchez655@example.com,Nancy,Sanchez,United Kingdom,Manchester,2025-01-03T13:06:10.611783
656,thomas.smith656@example.com,Thomas,Smith,United States,New York,2024-04-24T13:06:10.611783
657,mary.taylor657@example.com,Mary,Taylor,Spain,Seville,2024-03-06T13:06:10.611783
658,jennifer.johnson658@example.com,Jennifer,Johnson,Japan,Nagoya,2024-04-13T13:06:10.611783
659,david.davis659@example.com,David,Davis,Canada,Montreal,2024-05-07T13:06:10.611783
660,john.martin660@example.com,John,Martin,Spain,Madrid,2024-09-03T13:06:10.611783
661,nancy.johnson661@example.com,Nancy,Johnson,Germany,Munich,2024-09-10T13:06:10.611783
662,mary.wilson662@example.com,Mary,Wilson,United Kingdom,Liverpool,2024-05-13T13:06:10.611783
663,elizabeth.hernandez663@example.com,Elizabeth,Hernandez,United Kingdom,Leeds,2024-08-10T13:06:10.611783
664,james.lopez664@example.com,James,Lopez,France,Marseille,2024-10-04T13:06:10.611783
665,elizabeth.sanchez665@example.com,Elizabeth,Sanchez,Brazil,Rio de Janeiro,2024-08-14T13:06:10.611783
666,barbara.martin666@example.com,Barbara,Martin,Australia,Melbourne,2024-12-30T13:06:10.611783
667,sarah.davis667@example.com,Sarah,Davis,Germany,Berlin,2024-07-17T13:06:10.611783
668,james.davis668@example.com,James,Davis,Japan,Yokohama,2024-11-10T13:06:10.611783
669,daniel.smith669@example.com,Daniel,Smith,Spain,Madrid,2025-01-12T13:06:10.611783
670,nancy.wilson670@example.com,Nancy,Wilson,Norway,Trondheim,2024-02-12T13:06:10.611783
671,michael.moore671@example.com,Michael,Moore,France,Toulouse,2024-08-28T13:06:10.611783
672,mary.jones672@example.com,Mary,Jones,Netherlands,The Hague,2024-02-06T13:06:10.611783
673,mary.davis673@example.com,Mary,Davis,Poland,Poznan,2024-07-19T13:06:10.611783
674,daniel.lopez674@example.com,Daniel,Lopez,Australia,Sydney,2024-10-13T13:06:10.611783
675,patricia.moore675@example.com,Patricia,Moore,Germany,Frankfurt,2024-01-28T13:06:10.611783
676,charles.martin676@example.com,Charles,Martin,United States,Houston,2024-11-24T13:06:10.611783
677,robert.davis677@example.com,Robert,Davis,Italy,Naples,2024-05-30T13:06:10.611783
678,richard.harris678@example.com,Richard,Harris,Norway,Trondheim,2024-05-31T13:06:10.611783
679,joseph.rodriguez679@example.com,Joseph,Rodriguez,France,Paris,2024-04-02T13:06:10.611783
680,robert.martin680@example.com,Robert,Martin,United Kingdom,Manchester,2024-02-13T13:06:10.611783
681,jennifer.thomas681@example.com,Jennifer,Thomas,Australia,Brisbane,2024-07-16T13:06:10.611783
682,patricia.jackson682@example.com,Patricia,Jackson,Spain,Barcelona,2024-08-08T13:06:10.611783
683,elizabeth.thomas683@example.com,Elizabeth,Thomas,Italy,Rome,2024-02-05T13:06:10.611783
684,jennifer.white684@example.com,Jennifer,White,Italy,Palermo,2024-01-10T13:06:10.611783
685,michael.hernandez685@example.com,Michael,Hernandez,Germany,Berlin,2024-12-19T13:06:10.611783
686,linda.lopez686@example.com,Linda,Lopez,Canada,Ottawa,2024-01-15T13:06:10.611783
687,nancy.martinez687@example.com,Nancy,Martinez,Italy,Milan,2024-01-05T13:06:10.611783
688,richard.thomas688@example.com,Richard,Thomas,Japan,Sapporo,2024-04-26T13:06:10.611783
689,patricia.thomas689@example.com,Patricia,Thomas,United Kingdom,Manchester,2024-02-21T13:06:10.611783
690,james.johnson690@example.com,James,Johnson,Norway,Bergen,2024-02-25T13:06:10.611783
691,michael.wilson691@example.com,Michael,Wilson,Spain,Madrid,2024-10-14T13:06:10.611783
692,charles.rodriguez692@example.com,Charles,Rodriguez,Poland,Warsaw,2024-01-01T13:06:10.611783
693,john.miller693@example.com,John,Miller,Poland,Wroclaw,2024-02-24T13:06:10.611783
694,john.hernandez694@example.com,John,Hernandez,United Kingdom,London,2024-08-13T13:06:10.611783
695,mary.garcia695@example.com,Mary,Garcia,Poland,Poznan,2024-07-29T13:06:10.611783
696,lisa.wilson696@example.com,Lisa,Wilson,Australia,Sydney,2024-07-03T13:06:10.611783
697,nancy.anderson697@example.com,Nancy,Anderson,Germany,Hamburg,2024-04-08T13:06:10.611783
698,jennifer.rodriguez698@example.com,Jennifer,Rodriguez,Italy,Turin,2024-03-06T13:06:10.611783
699,mary.lee699@example.com,Mary,Lee,Brazil,Fortaleza,2024-04-24T13:06:10.611783
700,christopher.martinez700@example.com,Christopher,Martinez,Australia,Perth,2024-09-27T13:06:10.611783
701,jessica.johnson701@example.com,Jessica,Johnson,United Kingdom,Birmingham,2024-07-04T13:06:10.611783
702,robert.anderson702@example.com,Robert,Anderson,France,Nice,2024-04-26T13:06:10.611783
703,christopher.jackson703@example.com,Christopher,Jackson,Sweden,Stockholm,2024-07-03T13:06:10.611783
704,daniel.lopez704@example.com,Daniel,Lopez,Australia,Adelaide,2025-01-24T13:06:10.611783
705,jessica.lopez705@example.com,Jessica,Lopez,Poland,Poznan,2024-09-03T13:06:10.611783
706,david.wilson706@example.com,David,Wilson,Italy,Milan,2024-01-03T13:06:10.611783
707,david.lee707@example.com,David,Lee,France,Paris,2025-01-22T13:06:10.611783
708,william.johnson708@example.com,William,Johnson,Sweden,Uppsala,2024-09-17T13:06:10.611783
709,barbara.martin709@example.com,Barbara,Martin,France,Lyon,2024-02-10T13:06:10.611783
710,linda.white710@example.com,Linda,White,France,Marseille,2024-09-19T13:06:10.611783
711,lisa.johnson711@example.com,Lisa,Johnson,Sweden,Gothenburg,2024-10-10T13:06:10.611783
712,richard.lopez712@example.com,Richard,Lopez,Poland,Krakow,2024-03-20T13:06:10.611783
713,linda.martin713@example.com,Linda,Martin,Spain,Valencia,2024-10-18T13:06:10.611783
714,james.harris714@example.com,James,Harris,Netherlands,The Hague,2024-10-06T13:06:10.611783
715,charles.jones715@example.com,Charles,Jones,Brazil,Rio de Janeiro,2024-08-29T13:06:10.611783
716,sarah.martinez716@example.com,Sarah,Martinez,Germany,Frankfurt,2024-01-09T13:06:10.611783
717,john.johnson717@example.com,John,Johnson,France,Nice,2024-04-11T13:06:10.611783
718,james.moore718@example.com,James,Moore,Australia,Sydney,2024-06-07T13:06:10.611783
719,karen.miller719@example.com,Karen,Miller,Sweden,Gothenburg,2024-06-12T13:06:10.611783
720,daniel.garcia720@example.com,Daniel,Garcia,Poland,Gdansk,2024-01-20T13:06:10.611783
721,james.jones721@example.com,James,Jones,Brazil,Rio de Janeiro,2025-01-20T13:06:10.611783
722,patricia.moore722@example.com,Patricia,Moore,Norway,Trondheim,2024-01-27T13:06:10.611783
723,barbara.harris723@example.com,Barbara,Harris,Mexico,Puebla,2024-10-16T13:06:10.611783
724,patricia.hernandez724@example.com,Patricia,Hernandez,Italy,Naples,2024-02-28T13:06:10.611783
725,jennifer.sanchez725@example.com,Jennifer,Sanchez,Canada,Calgary,2024-11-17T13:06:10.611783
726,david.garcia726@example.com,David,Garcia,Netherlands,Eindhoven,2024-12-10T13:06:10.611783
727,karen.lopez727@example.com,Karen,Lopez,France,Nice,2024-03-19T13:06:10.611783
728,richard.martinez728@example.com,Richard,Martinez,Netherlands,The Hague,2024-02-24T13:06:10.611783
729,jennifer.sanchez729@example.com,Jennifer,Sanchez,United States,Phoenix,2024-07-08T13:06:10.611783
730,charles.johnson730@example.com,Charles,Johnson,Germany,Cologne,2024-05-31T13:06:10.611783
731,karen.davis731@example.com,Karen,Davis,Mexico,Tijuana,2024-02-12T13:06:10.611783
732,jessica.jones732@example.com,Jessica,Jones,Spain,Madrid,2024-04-20T13:06:10.611783
733,barbara.hernandez733@example.com,Barbara,Hernandez,Germany,Berlin,2024-12-17T13:06:10.611783
734,nancy.thompson734@example.com,Nancy,Thompson,Netherlands,The Hague,2024-08-05T13:06:10.611783
735,james.rodriguez735@example.com,James,Rodriguez,France,Lyon,2024-12-09T13:06:10.611783
736,john.lopez736@example.com,John,Lopez,Italy,Rome,2024-12-23T13:06:10.611783
737,james.johnson737@example.com,James,Johnson,Canada,Calgary,2024-12-30T13:06:10.611783
738,susan.garcia738@example.com,Susan,Garcia,Poland,Wroclaw,2024-08-29T13:06:10.611783
739,richard.lopez739@example.com,Richard,Lopez,Japan,Nagoya,2024-02-10T13:06:10.611783
740,jessica.martin740@example.com,Jessica,Martin,Mexico,Guadalajara,2024-03-13T13:06:10.611783
741,joseph.williams741@example.com,Joseph,Williams,Sweden,Stockholm,2024-05-19T13:06:10.611783
742,james.hernandez742@example.com,James,Hernandez,Italy,Rome,2024-01-27T13:06:10.611783
743,david.garcia743@example.com,David,Garcia,Poland,Wroclaw,2024-03-12T13:06:10.611783
744,lisa.williams744@example.com,Lisa,Williams,Japan,Tokyo,2024-06-11T13:06:10.611783
745,karen.lee745@example.com,Karen,Lee,Poland,Wroclaw,2024-12-15T13:06:10.611783
746,james.anderson746@example.com,James,Anderson,Mexico,Guadalajara,2024-10-26T13:06:10.611783
747,susan.garcia747@example.com,Susan,Garcia,United States,New York,2024-06-07T13:06:10.611783
748,michael.miller748@example.com,Michael,Miller,Canada,Ottawa,2024-12-24T13:06:10.611783
749,lisa.jackson749@example.com,Lisa,Jackson,Italy,Naples,2024-05-21T13:06:10.611783
750,linda.brown750@example.com,Linda,Brown,United States,Houston,2024-10-08T13:06:10.611783
751,sarah.taylor751@example.com,Sarah,Taylor,Germany,Berlin,2024-06-22T13:06:10.611783
752,james.anderson752@example.com,James,Anderson,United Kingdom,Birmingham,2024-11-23T13:06:10.611783
753,christopher.lee753@example.com,Christopher,Lee,Australia,Melbourne,2024-02-08T13:06:10.611783
754,james.miller754@example.com,James,Miller,Germany,Hamburg,2024-01-31T13:06:10.611783
755,jessica.brown755@example.com,Jessica,Brown,Italy,Turin,2024-08-18T13:06:10.611783
756,jessica.white756@example.com,Jessica,White,Italy,Rome,2024-11-13T13:06:10.611783
757,sarah.wilson757@example.com,Sarah,Wilson,Germany,Hamburg,2024-07-03T13:06:10.611783
758,barbara.garcia758@example.com,Barbara,Garcia,Australia,Sydney,2024-05-03T13:06:10.611783
759,joseph.thomas759@example.com,Joseph,Thomas,Italy,Milan,2024-05-06T13:06:10.611783
760,charles.johnson760@example.com,Charles,Johnson,Germany,Berlin,2024-02-02T13:06:10.611783
761,nancy.lopez761@example.com,Nancy,Lopez,Sweden,Vasteras,2024-07-19T13:06:10.611783
762,charles.davis762@example.com,Charles,Davis,Japan,Tokyo,2024-07-06T13:06:10.611783
763,thomas.anderson763@example.com,Thomas,Anderson,Japan,Nagoya,2024-10-09T13:06:10.611783
764,linda.taylor764@example.com,Linda,Taylor,Italy,Rome,2024-07-10T13:06:10.611783
765,daniel.johnson765@example.com,Daniel,Johnson,Japan,Sapporo,2024-09-10T13:06:10.611783
766,charles.white766@example.com,Charles,White,Brazil,Rio de Janeiro,2024-02-20T13:06:10.611783
767,joseph.garcia767@example.com,Joseph,Garcia,Germany,Munich,2024-03-28T13:06:10.611783
768,robert.johnson768@example.com,Robert,Johnson,Canada,Toronto,2024-12-04T13:06:10.611783
769,susan.miller769@example.com,Susan,Miller,Norway,Bergen,2024-10-20T13:06:10.611783
770,william.hernandez770@example.com,William,Hernandez,Poland,Warsaw,2024-02-03T13:06:10.611783
771,richard.jackson771@example.com,Richard,Jackson,Canada,Ottawa,2024-06-04T13:06:10.611783
772,william.moore772@example.com,William,Moore,Australia,Sydney,2024-12-13T13:06:10.611783
773,karen.martin773@example.com,Karen,Martin,Japan,Nagoya,2024-02-16T13:06:10.611783
774,susan.jones774@example.com,Susan,Jones,Germany,Cologne,2024-10-17T13:06:10.611783
775,charles.brown775@example.com,Charles,Brown,Poland,Warsaw,2024-10-04T13:06:10.611783
776,patricia.martinez776@example.com,Patricia,Martinez,Norway,Bodo,2024-06-14T13:06:10.611783
777,susan.rodriguez777@example.com,Susan,Rodriguez,Canada,Calgary,2024-10-08T13:06:10.611783
778,karen.taylor778@example.com,Karen,Taylor,United States,Los Angeles,2024-05-10T13:06:10.611783
779,richard.jones779@example.com,Richard,Jones,Brazil,Fortaleza,2024-12-03T13:06:10.611783
780,daniel.wilson780@example.com,Daniel,Wilson,United States,Houston,2024-06-07T13:06:10.611783
781,daniel.davis781@example.com,Daniel,Davis,United States,Houston,2024-05-06T13:06:10.611783
782,barbara.smith782@example.com,Barbara,Smith,Spain,Valencia,2024-05-28T13:06:10.611783
783,william.taylor783@example.com,William,Taylor,Norway,Oslo,2024-04-15T13:06:10.611783
784,robert.martinez784@example.com,Robert,Martinez,Netherlands,Utrecht,2025-01-20T13:06:10.611783
785,david.rodriguez785@example.com,David,Rodriguez,Netherlands,Utrecht,2024-10-25T13:06:10.611783
786,christopher.williams786@example.com,Christopher,Williams,France,Toulouse,2024-04-07T13:06:10.611783
787,susan.sanchez787@example.com,Susan,Sanchez,Australia,Adelaide,2024-06-29T13:06:10.611783
788,mary.moore788@example.com,Mary,Moore,Sweden,Gothenburg,2024-01-23T13:06:10.611783
789,elizabeth.harris789@example.com,Elizabeth,Harris,Japan,Nagoya,2024-02-28T13:06:10.611783
790,thomas.martin790@example.com,Thomas,Martin,United States,Los Angeles,2024-03-28T13:06:10.611783
791,michael.johnson791@example.com,Michael,Johnson,France,Paris,2024-08-10T13:06:10.611783
792,mary.lopez792@example.com,Mary,Lopez,Netherlands,Rotterdam,2024-05-09T13:06:10.611783
793,barbara.thomas793@example.com,Barbara,Thomas,Japan,Nagoya,2024-11-10T13:06:10.611783
794,patricia.white794@example.com,Patricia,White,United States,Los Angeles,2024-06-28T13:06:10.611783
795,jessica.lee795@example.com,Jessica,Lee,Australia,Melbourne,2024-08-19T13:06:10.611783
796,charles.jackson796@example.com,Charles,Jackson,Spain,Valencia,2024-03-13T13:06:10.611783
797,william.sanchez797@example.com,William,Sanchez,Norway,Oslo,2024-05-14T13:06:10.611783
798,james.wilson798@example.com,James,Wilson,United States,Los Angeles,2024-10-08T13:06:10.611783
799,michael.davis799@example.com,Michael,Davis,Mexico,Guadalajara,2024-12-01T13:06:10.611783
800,michael.rodriguez800@example.com,Michael,Rodriguez,Mexico,Puebla,2024-09-08T13:06:10.611783
